ln,dob,gn,fn
SMITH JR,01/03/68,F,WILLIAM
LARSON JR,09/06/39,M,HAROLD
CAIN JR,20/01/46,M,JOHN
MICHAELSON,25/10/53,M,ROY
BLAND III,21/02/62,F,WILLIAM
FAGEN JR,07/10/37,M,HAROLD
HANNA,24/11/34,M,ADDISON J
MICHAELSON JR,09/04/47,M,ROY
CLARK,09/02/45,M,DONALD
MICHAELSON JR,01/05/51,M,ROY
GALETICH JR,15/10/32,M,ADDISON
MICHAELSON JR,17/06/48,M,ROY
MICHAELSON JR,24/04/40,M,JOHN
GRIFFIN JR,07/05/37,M,CLIFFORD
BLAND JR,08/06/54,F,WILLIAM
CLARK,16/12/44,M,JOHN
CLARK,09/06/45,M,JOHN
FUNARO,06/12/37,F,HARRIET
GRIFFIN JR,10/07/37,M,DARL
MUSTAPHA JR,11/03/47,M,OWEN
MICHAELSON JR,24/06/39,M,JOHN
LIND JR,31/01/46,M,LAWRENCE
MICHAELSON JR,16/12/44,M,JOHN
HOUGHTON JR,31/01/46,M,LAWRENCE
MICHAELSON JR,07/10/37,M,HAROLD
FUNARO JONES,06/12/37,F,HARRIET
ROTHMEYER JR,01/03/68,F,WILLIAM
CHAVAS JR,07/10/37,M,HAROLD
SALTER JR,01/03/68,F,WILLIAM
MICHAELSON JR,09/06/39,M,JACK
DUNCAN JR,25/10/53,F,THOMAS
BLAND JR,21/02/62,F,WILLIAM
CLARK JR,16/12/44,M,JOHN
FAGEN JR,07/10/37,M,GEORGE
MICHAELSON JR,25/10/53,M,ROY
MICHAELSON JR,09/04/47,M,ROBERT
ASBY JR,01/03/68,F,WILLIAM
BLAND,21/02/62,F,WILLIAM
BLAND JR,21/02/62,F,BILL
MICHAELSON JR,24/06/39,M,JAMES
FUNARO J,06/12/37,F,HARRIET
SHAFFER JR,25/10/53,F,WILLIAM
DUNCAN JR,25/10/53,F,ROY
SALTER JR,01/03/68,F,WILLIAM
CHAVAS JR,07/10/37,M,HAROLD
HANNA,24/11/34,M,ADDISON
BLAND JR,21/02/62,F,WILLIAM
LIND JR,31/01/46,M,KENNETH
MELVIN JR,07/10/37,M,HAROLD
FAGEN JR,07/10/37,M,HAROLD
MICHAELSON JR,16/12/44,M,JOHN
CLARK,09/02/45,M,RONALD
BLAND JR,25/10/53,F,WILLIAM
GRIFFIN JR,07/05/37,M,CLIFFORD
LIND JR,20/01/46,M,JOHN
SHAFFER JR,21/02/62,F,WILLIAM
HOUGHTON JR,31/01/46,M,LAWRENCE
CARLSON JR,25/10/53,F,ROY
BLAND JR,08/06/54,F,WILLIAM
BLAND JR,21/02/62,F,WILLIAM
